country	AT	BA	BE	BG	CZ	DK	EE	ES	ES-CT	ES-GA	ES-PV	FR	GB	GR	HR	HU	IS	IT	LV	NL	NO	PL	PT	RS	SE	SI	TR	UA
AT	0.0	0.00385	0.00386	0.00275	0.00279	0.00169	0.00233	0.00229	0.00403	0.01388	0.0039	0.0043	0.00325	0.00226	0.00348	0.0033	0.0023	0.00458	0.00957	0.00416	0.00178	0.00603	0.00517	0.00376	0.00337	0.00135	0.00618	0.00546
BA	0.00385	0.0	0.00259	0.00239	0.00257	0.00214	0.00163	0.00394	0.00461	0.01321	0.00292	0.00168	0.00214	0.0026	0.00388	0.0029	0.00311	0.004	0.00508	0.00227	0.00142	0.00233	0.00421	0.00717	0.00224	0.0026	0.00587	0.00226
BE	0.00386	0.00259	0.0	0.00228	0.00189	0.00204	0.0013	0.00386	0.00375	0.00941	0.00341	0.0022	0.00222	0.00238	0.00678	0.00315	0.00457	0.0038	0.00368	0.00156	0.00171	0.0028	0.00317	0.01057	0.00108	0.00348	0.00634	0.00116
BG	0.00275	0.00239	0.00228	0.0	0.00237	0.00211	0.0016	0.00346	0.00449	0.01306	0.00149	0.00276	0.00307	0.00274	0.00412	0.00334	0.00236	0.00456	0.00494	0.0032	0.00136	0.00386	0.00471	0.00807	0.00239	0.00227	0.00681	0.00197
CZ	0.00279	0.00257	0.00189	0.00237	0.0	0.00256	0.00159	0.00313	0.0026	0.01307	0.00314	0.00194	0.00159	0.00182	0.00511	0.00244	0.00269	0.00262	0.00381	0.00284	0.00209	0.00272	0.0032	0.00739	0.00166	0.00329	0.00567	0.00268
DK	0.00169	0.00214	0.00204	0.00211	0.00256	0.0	0.00131	0.00218	0.00335	0.01285	0.00336	0.00249	0.00158	0.00136	0.00541	0.00344	0.00355	0.00362	0.00716	0.00176	0.00125	0.00462	0.00464	0.00644	0.00143	0.00202	0.00603	0.00322
EE	0.00233	0.00163	0.0013	0.0016	0.00159	0.00131	0.0	0.00213	0.00295	0.0093	0.0031	0.00172	0.00196	0.00169	0.00372	0.00163	0.00276	0.0032	0.00496	0.00283	0.00123	0.00301	0.00323	0.00678	0.00101	0.00203	0.00395	0.00192
ES	0.00229	0.00394	0.00386	0.00346	0.00313	0.00218	0.00213	0.0	0.00266	0.01502	0.00323	0.00339	0.0026	0.00329	0.00625	0.00282	0.00384	0.0026	0.0078	0.00491	0.00272	0.00484	0.0048	0.00605	0.0024	0.00367	0.00388	0.00508
ES-CT	0.00403	0.00461	0.00375	0.00449	0.0026	0.00335	0.00295	0.00266	0.0	0.01115	0.00481	0.00542	0.00226	0.00329	0.00788	0.00398	0.00567	0.00319	0.00703	0.00454	0.00393	0.00313	0.00521	0.00817	0.0027	0.00467	0.00611	0.00409
ES-GA	0.01388	0.01321	0.00941	0.01306	0.01307	0.01285	0.0093	0.01502	0.01115	0.0	0.01662	0.0153	0.01343	0.01271	0.01419	0.01027	0.01475	0.01497	0.01755	0.01364	0.01181	0.01202	0.01382	0.0211	0.00989	0.01222	0.01106	0.00976
ES-PV	0.0039	0.00292	0.00341	0.00149	0.00314	0.00336	0.0031	0.00323	0.00481	0.01662	0.0	0.0033	0.00334	0.00397	0.00634	0.00466	0.00258	0.004	0.00616	0.0037	0.00184	0.0043	0.00364	0.00825	0.00268	0.00422	0.00713	0.00341
FR	0.0043	0.00168	0.0022	0.00276	0.00194	0.00249	0.00172	0.00339	0.00542	0.0153	0.0033	0.0	0.00207	0.00269	0.00633	0.00266	0.0041	0.00218	0.00307	0.00279	0.00207	0.00376	0.00307	0.00993	0.00166	0.00421	0.00566	0.00288
GB	0.00325	0.00214	0.00222	0.00307	0.00159	0.00158	0.00196	0.0026	0.00226	0.01343	0.00334	0.00207	0.0	0.00239	0.00746	0.00313	0.0036	0.00228	0.00454	0.0014	0.00164	0.0033	0.00277	0.00835	0.00107	0.00407	0.00572	0.00309
GR	0.00226	0.0026	0.00238	0.00274	0.00182	0.00136	0.00169	0.00329	0.00329	0.01271	0.00397	0.00269	0.00239	0.0	0.00484	0.00284	0.00401	0.0038	0.00668	0.00316	0.00212	0.00373	0.00484	0.00645	0.00215	0.00278	0.00623	0.00305
HR	0.00348	0.00388	0.00678	0.00412	0.00511	0.00541	0.00372	0.00625	0.00788	0.01419	0.00634	0.00633	0.00746	0.00484	0.0	0.00375	0.0026	0.00802	0.01154	0.00843	0.00377	0.00665	0.00792	0.00398	0.00692	0.00226	0.0073	0.00681
HU	0.0033	0.0029	0.00315	0.00334	0.00244	0.00344	0.00163	0.00282	0.00398	0.01027	0.00466	0.00266	0.00313	0.00284	0.00375	0.0	0.00295	0.00248	0.00615	0.00506	0.0019	0.00375	0.00341	0.00721	0.00289	0.00312	0.00334	0.00416
IS	0.0023	0.00311	0.00457	0.00236	0.00269	0.00355	0.00276	0.00384	0.00567	0.01475	0.00258	0.0041	0.0036	0.00401	0.0026	0.00295	0.0	0.00466	0.00858	0.00502	0.00148	0.0061	0.00385	0.00463	0.00367	0.00262	0.00622	0.0057
IT	0.00458	0.004	0.0038	0.00456	0.00262	0.00362	0.0032	0.0026	0.00319	0.01497	0.004	0.00218	0.00228	0.0038	0.00802	0.00248	0.00466	0.0	0.00594	0.00445	0.00297	0.0043	0.00287	0.00905	0.0023	0.00561	0.00443	0.00503
LV	0.00957	0.00508	0.00368	0.00494	0.00381	0.00716	0.00496	0.0078	0.00703	0.01755	0.00616	0.00307	0.00454	0.00668	0.01154	0.00615	0.00858	0.00594	0.0	0.00502	0.00586	0.00473	0.00554	0.01808	0.00481	0.00836	0.01184	0.00347
NL	0.00416	0.00227	0.00156	0.0032	0.00284	0.00176	0.00283	0.00491	0.00454	0.01364	0.0037	0.00279	0.0014	0.00316	0.00843	0.00506	0.00502	0.00445	0.00502	0.0	0.00178	0.00364	0.00411	0.00984	0.00181	0.00387	0.00801	0.00253
NO	0.00178	0.00142	0.00171	0.00136	0.00209	0.00125	0.00123	0.00272	0.00393	0.01181	0.00184	0.00207	0.00164	0.00212	0.00377	0.0019	0.00148	0.00297	0.00586	0.00178	0.0	0.00382	0.00231	0.00627	0.00157	0.00169	0.00542	0.00285
PL	0.00603	0.00233	0.0028	0.00386	0.00272	0.00462	0.00301	0.00484	0.00313	0.01202	0.0043	0.00376	0.0033	0.00373	0.00665	0.00375	0.0061	0.0043	0.00473	0.00364	0.00382	0.0	0.00584	0.00938	0.00321	0.00499	0.00532	0.00163
PT	0.00517	0.00421	0.00317	0.00471	0.0032	0.00464	0.00323	0.0048	0.00521	0.01382	0.00364	0.00307	0.00277	0.00484	0.00792	0.00341	0.00385	0.00287	0.00554	0.00411	0.00231	0.00584	0.0	0.01051	0.00273	0.00613	0.00695	0.00511
RS	0.00376	0.00717	0.01057	0.00807	0.00739	0.00644	0.00678	0.00605	0.00817	0.0211	0.00825	0.00993	0.00835	0.00645	0.00398	0.00721	0.00463	0.00905	0.01808	0.00984	0.00627	0.00938	0.01051	0.0	0.00901	0.00525	0.00725	0.01131
SE	0.00337	0.00224	0.00108	0.00239	0.00166	0.00143	0.00101	0.0024	0.0027	0.00989	0.00268	0.00166	0.00107	0.00215	0.00692	0.00289	0.00367	0.0023	0.00481	0.00181	0.00157	0.00321	0.00273	0.00901	0.0	0.00376	0.00421	0.00183
SI	0.00135	0.0026	0.00348	0.00227	0.00329	0.00202	0.00203	0.00367	0.00467	0.01222	0.00422	0.00421	0.00407	0.00278	0.00226	0.00312	0.00262	0.00561	0.00836	0.00387	0.00169	0.00499	0.00613	0.00525	0.00376	0.0	0.00763	0.00455
TR	0.00618	0.00587	0.00634	0.00681	0.00567	0.00603	0.00395	0.00388	0.00611	0.01106	0.00713	0.00566	0.00572	0.00623	0.0073	0.00334	0.00622	0.00443	0.01184	0.00801	0.00542	0.00532	0.00695	0.00725	0.00421	0.00763	0.0	0.00622
UA	0.00546	0.00226	0.00116	0.00197	0.00268	0.00322	0.00192	0.00508	0.00409	0.00976	0.00341	0.00288	0.00309	0.00305	0.00681	0.00416	0.0057	0.00503	0.00347	0.00253	0.00285	0.00163	0.00511	0.01131	0.00183	0.00455	0.00622	0.0
