country	overall_mean	coalition_mean	opposition_mean	difference	opposition_missing
AT	2.1896768	2.6521792	1.6992894411087036	0.9528898000717163	False
BA	2.1033692	2.1414053	2.0977842807769775	0.043621063232421875	False
BE	1.9772009	2.2817895	1.8137943744659424	0.46799516677856445	False
BG	2.1842039	2.5313663	1.9209293127059937	0.6104370355606079	False
CZ	2.1047783	2.4704766	1.8731544017791748	0.5973222255706787	False
DK	2.0606804	2.4229567	1.8575913906097412	0.5653653144836426	False
EE	1.8130221	2.0392785			True
ES	1.9782321	2.5049167	1.7264435291290283	0.7784731388092041	False
ES-CT	2.026622	2.5937784	1.725347876548767	0.868430495262146	False
ES-GA	1.7130343	2.2271724	1.4362152814865112	0.7909570932388306	False
ES-PV	2.179636	2.6400135	1.836782693862915	0.8032307624816895	False
FR	2.0220215	2.3964012	1.6611369848251343	0.7352641820907593	False
GB	2.5959098	2.8090165	1.8509315252304077	0.9580849409103394	False
GR	1.9321264	2.2835457	1.587986946105957	0.6955587863922119	False
HR	2.1121354	2.1562629	2.0954787731170654	0.060784101486206055	False
HU	2.1818361	2.839513	1.6225004196166992	1.217012643814087	False
IS	2.1209426	2.506593			True
IT	2.0538266	2.4829338	1.7270023822784424	0.7559313774108887	False
LV	2.5662098	2.714987	2.211432695388794	0.5035543441772461	False
NL	2.0052376	2.212402	1.8224999904632568	0.38990211486816406	False
NO	2.2193975	2.5670383			True
PL	2.238775	2.6390145	1.972968339920044	0.666046142578125	False
PT	1.717659	2.472609	1.5251175165176392	0.9474915266036987	False
RS	2.0287097	2.2689157	1.6243759393692017	0.6445397138595581	False
SE	2.0955393	2.4532485			True
SI	2.1171458	2.4262135	1.8780031204223633	0.5482103824615479	False
TR	1.7614601	2.4002237	1.4180866479873657	0.9821370840072632	False
UA	2.3782363	2.5955045	2.173661231994629	0.4218432903289795	False
