country	overall_mean	coalition_mean	opposition_mean
AT	0.043478260869565216	0.043478260869565216	0.043478260869565216
BA	0.04347826086956521	0.043478260869565216	0.043478260869565216
BE	0.04347826086956521	0.043478260869565216	0.043478260869565216
BG	0.043478260869565216	0.04347826086956523	0.043478260869565216
CZ	0.043478260869565216	0.043478260869565216	0.043478260869565216
DK	0.043478260869565216	0.043478260869565216	0.043478260869565216
EE	0.04347826086956521	0.04347826086956523	0.0
ES	0.043478260869565216	0.04347826086956521	0.04347826086956523
ES-CT	0.043478260869565216	0.043478260869565216	0.043478260869565216
ES-GA	0.043478260869565216	0.043478260869565216	0.04347826086956521
ES-PV	0.043478260869565216	0.043478260869565216	0.043478260869565216
FR	0.04347826086956523	0.043478260869565216	0.04347826086956521
GB	0.04347826086956521	0.043478260869565216	0.043478260869565216
GR	0.04347826086956523	0.04347826086956521	0.04347826086956523
HR	0.043478260869565216	0.04347826086956521	0.04347826086956521
HU	0.043478260869565216	0.043478260869565216	0.043478260869565216
IS	0.043478260869565216	0.043478260869565216	0.0
IT	0.043478260869565216	0.04347826086956521	0.043478260869565216
LV	0.043478260869565216	0.043478260869565216	0.04347826086956523
NL	0.043478260869565216	0.043478260869565216	0.043478260869565216
NO	0.043478260869565216	0.04347826086956523	0.0
PL	0.04347826086956523	0.043478260869565216	0.043478260869565216
PT	0.04347826086956521	0.043478260869565216	0.043478260869565216
RS	0.04347826086956521	0.04347826086956521	0.04347826086956521
SE	0.043478260869565216	0.04347826086956521	0.0
SI	0.043478260869565216	0.04347826086956523	0.043478260869565216
TR	0.043478260869565216	0.04347826086956521	0.043478260869565216
UA	0.043478260869565216	0.043478260869565216	0.043478260869565216
